Matchday,Date,HomeTeam,AwayTeam,AwayProbability,DrawProbability,HomeProbability,HomeCrest,AwayCrest
6,2026-10-10 11:30:00+00:00,Arsenal FC,Leeds United FC,0.307740817088884,0.32050712666545655,0.3717520562456595,https://crests.football-data.org/57.png,https://crests.football-data.org/341.png
6,2026-10-10 14:00:00+00:00,Sunderland AFC,Brighton & Hove Albion FC,0.6846667179539053,0.13070540227377297,0.1846278797723217,https://crests.football-data.org/71.png,https://crests.football-data.org/397.png
6,2026-10-10 14:00:00+00:00,Chelsea FC,AFC Bournemouth,0.2937004464324243,0.21073485858601465,0.4955646949815611,https://crests.football-data.org/61.png,https://crests.football-data.org/bournemouth.png
6,2026-10-10 14:00:00+00:00,Ipswich Town FC,Fulham FC,0.3105554264250867,0.2359067519076404,0.4535378216672729,https://crests.football-data.org/349.png,https://crests.football-data.org/63.png
6,2026-10-10 14:00:00+00:00,Aston Villa FC,Brentford FC,0.6243754680821927,0.17699459305117357,0.19862993886663377,https://crests.football-data.org/58.png,https://crests.football-data.org/402.png
6,2026-10-10 16:30:00+00:00,Manchester United FC,Tottenham Hotspur FC,0.1595438579368709,0.20826572691792514,0.632190415145204,https://crests.football-data.org/66.png,https://crests.football-data.org/73.png
6,2026-10-11 13:00:00+00:00,Hull City AFC,Everton FC,0.30906359439941716,0.352369439410132,0.3385669661904509,https://crests.football-data.org/322.png,https://crests.football-data.org/62.png
6,2026-10-11 13:00:00+00:00,Crystal Palace FC,Nottingham Forest FC,0.37151096193631544,0.275521251317327,0.35296778674635754,https://crests.football-data.org/354.png,https://crests.football-data.org/351.png
6,2026-10-11 15:30:00+00:00,Liverpool FC,Manchester City FC,0.38658242973552603,0.2581572482682934,0.3552603219961805,https://crests.football-data.org/64.png,https://crests.football-data.org/65.png
6,2026-10-12 19:00:00+00:00,Coventry City FC,Newcastle United FC,0.5854182409104487,0.19035647160563562,0.22422528748391565,https://crests.football-data.org/1076.png,https://crests.football-data.org/67.png
7,2026-10-17 11:30:00+00:00,Everton FC,Chelsea FC,0.17350319441117196,0.20126674556840718,0.6252300600204209,https://crests.football-data.org/62.png,https://crests.football-data.org/61.png
7,2026-10-17 14:00:00+00:00,Fulham FC,Hull City AFC,0.4473731447868936,0.2728560840186931,0.2797707711944132,https://crests.football-data.org/63.png,https://crests.football-data.org/322.png
7,2026-10-17 14:00:00+00:00,Manchester City FC,Ipswich Town FC,0.11852774427360356,0.12684728839692105,0.7546249673294755,https://crests.football-data.org/65.png,https://crests.football-data.org/349.png
7,2026-10-17 14:00:00+00:00,Brentford FC,Liverpool FC,0.24371259994310746,0.2746767459570741,0.4816106540998184,https://crests.football-data.org/402.png,https://crests.football-data.org/64.png
7,2026-10-17 16:30:00+00:00,Newcastle United FC,Aston Villa FC,0.17609780830578373,0.19192522152873992,0.6319769701654764,https://crests.football-data.org/67.png,https://crests.football-data.org/58.png
7,2026-10-18 13:00:00+00:00,AFC Bournemouth,Sunderland AFC,0.26833139173584036,0.23195738849393222,0.4997112197702275,https://crests.football-data.org/bournemouth.png,https://crests.football-data.org/71.png
7,2026-10-18 13:00:00+00:00,Leeds United FC,Manchester United FC,0.18262107346776174,0.23042275493089803,0.5869561716013403,https://crests.football-data.org/341.png,https://crests.football-data.org/66.png
7,2026-10-18 13:00:00+00:00,Brighton & Hove Albion FC,Crystal Palace FC,0.1064106886811514,0.10908065110057653,0.7845086602182721,https://crests.football-data.org/397.png,https://crests.football-data.org/354.png
7,2026-10-18 15:30:00+00:00,Nottingham Forest FC,Arsenal FC,0.4274017813410489,0.2988819558670617,0.2737162627918893,https://crests.football-data.org/351.png,https://crests.football-data.org/57.png
7,2026-10-19 19:00:00+00:00,Tottenham Hotspur FC,Coventry City FC,0.25262809374927403,0.32422590996446377,0.42314599628626226,https://crests.football-data.org/73.png,https://crests.football-data.org/1076.png
8,2026-10-23 19:00:00+00:00,Ipswich Town FC,Nottingham Forest FC,0.3472707127178002,0.26956223331432433,0.38316705396787554,https://crests.football-data.org/349.png,https://crests.football-data.org/351.png
8,2026-10-24 11:30:00+00:00,Aston Villa FC,Manchester City FC,0.6609011114855132,0.14964969076221374,0.189449197752273,https://crests.football-data.org/58.png,https://crests.football-data.org/65.png
8,2026-10-24 14:00:00+00:00,Arsenal FC,Everton FC,0.28104268889902234,0.33038791341115487,0.3885693976898229,https://crests.football-data.org/57.png,https://crests.football-data.org/62.png
8,2026-10-24 14:00:00+00:00,Coventry City FC,Fulham FC,0.44818271797341397,0.267482644454347,0.2843346375722391,https://crests.football-data.org/1076.png,https://crests.football-data.org/63.png
8,2026-10-24 16:30:00+00:00,Chelsea FC,Tottenham Hotspur FC,0.16751376165533316,0.18976078433629437,0.6427254540083726,https://crests.football-data.org/61.png,https://crests.football-data.org/73.png
8,2026-10-25 14:00:00+00:00,Liverpool FC,Brighton & Hove Albion FC,0.4404284102407166,0.24021629102507572,0.3193552987342077,https://crests.football-data.org/64.png,https://crests.football-data.org/397.png
8,2026-10-25 14:00:00+00:00,Crystal Palace FC,Newcastle United FC,0.48045484582778664,0.20460946145956438,0.31493569271264904,https://crests.football-data.org/354.png,https://crests.football-data.org/67.png
8,2026-10-25 14:00:00+00:00,Manchester United FC,AFC Bournemouth,0.2559666650123904,0.22613348065897282,0.5178998543286368,https://crests.football-data.org/66.png,https://crests.football-data.org/bournemouth.png
8,2026-10-25 14:00:00+00:00,Hull City AFC,Brentford FC,0.38104548259017473,0.29087810998519625,0.3280764074246291,https://crests.football-data.org/322.png,https://crests.football-data.org/402.png
8,2026-10-25 16:30:00+00:00,Sunderland AFC,Leeds United FC,0.5548012443500205,0.2175880994247742,0.22761065622520535,https://crests.football-data.org/71.png,https://crests.football-data.org/341.png
9,2026-10-31 12:30:00+00:00,Chelsea FC,Manchester United FC,0.37217889035774393,0.20707800130869014,0.4207431083335658,https://crests.football-data.org/61.png,https://crests.football-data.org/66.png
9,2026-10-31 15:00:00+00:00,Brentford FC,Nottingham Forest FC,0.16118656128188308,0.24017812611788808,0.5986353126002288,https://crests.football-data.org/402.png,https://crests.football-data.org/351.png
9,2026-10-31 15:00:00+00:00,Hull City AFC,Ipswich Town FC,0.17772704495471167,0.21109447854937924,0.6111784764959091,https://crests.football-data.org/322.png,https://crests.football-data.org/349.png
9,2026-10-31 15:00:00+00:00,Coventry City FC,Sunderland AFC,0.46477094053506507,0.2459742697917551,0.28925478967317986,https://crests.football-data.org/1076.png,https://crests.football-data.org/71.png
9,2026-10-31 15:00:00+00:00,AFC Bournemouth,Leeds United FC,0.4981804252898124,0.25091908747698743,0.2509004872332002,https://crests.football-data.org/bournemouth.png,https://crests.football-data.org/341.png
9,2026-10-31 15:00:00+00:00,Manchester City FC,Brighton & Hove Albion FC,0.37248779955398575,0.218483386736149,0.4090288137098652,https://crests.football-data.org/65.png,https://crests.football-data.org/397.png
9,2026-10-31 17:30:00+00:00,Tottenham Hotspur FC,Crystal Palace FC,0.39362959177916906,0.26847600351676765,0.3378944047040632,https://crests.football-data.org/73.png,https://crests.football-data.org/354.png
9,2026-10-31 20:00:00+00:00,Aston Villa FC,Fulham FC,0.3667402206325306,0.2716171305766418,0.36164264879082764,https://crests.football-data.org/58.png,https://crests.football-data.org/63.png
9,2026-11-01 16:30:00+00:00,Liverpool FC,Arsenal FC,0.3139815794580439,0.30129140492805206,0.38472701561390416,https://crests.football-data.org/64.png,https://crests.football-data.org/57.png
9,2026-11-02 20:00:00+00:00,Newcastle United FC,Everton FC,0.4373701226403102,0.25794548337346385,0.304684393986226,https://crests.football-data.org/67.png,https://crests.football-data.org/62.png
10,2026-11-07 15:00:00+00:00,Manchester United FC,Aston Villa FC,0.17982391464813366,0.20331627057594068,0.6168598147759257,https://crests.football-data.org/66.png,https://crests.football-data.org/58.png
10,2026-11-07 15:00:00+00:00,Brighton & Hove Albion FC,Brentford FC,0.2636427976860045,0.2264183574741044,0.509938844839891,https://crests.football-data.org/397.png,https://crests.football-data.org/402.png
10,2026-11-07 15:00:00+00:00,Ipswich Town FC,AFC Bournemouth,0.3549018927597736,0.23066067450410535,0.4144374327361211,https://crests.football-data.org/349.png,https://crests.football-data.org/bournemouth.png
10,2026-11-07 15:00:00+00:00,Sunderland AFC,Chelsea FC,0.4130613691508259,0.2067561728746182,0.3801824579745559,https://crests.football-data.org/71.png,https://crests.football-data.org/61.png
10,2026-11-07 15:00:00+00:00,Crystal Palace FC,Liverpool FC,0.546973317246151,0.21145928634492145,0.2415673964089275,https://crests.football-data.org/354.png,https://crests.football-data.org/64.png
10,2026-11-07 15:00:00+00:00,Everton FC,Coventry City FC,0.12098472461025359,0.19718198609756324,0.6818332892921832,https://crests.football-data.org/62.png,https://crests.football-data.org/1076.png
10,2026-11-07 15:00:00+00:00,Fulham FC,Newcastle United FC,0.42541299645260783,0.22971425893395594,0.34487274461343626,https://crests.football-data.org/63.png,https://crests.football-data.org/67.png
10,2026-11-07 15:00:00+00:00,Leeds United FC,Tottenham Hotspur FC,0.12382235892680218,0.20917779179420964,0.6669998492789883,https://crests.football-data.org/341.png,https://crests.football-data.org/73.png
10,2026-11-07 15:00:00+00:00,Nottingham Forest FC,Manchester City FC,0.5246856536348108,0.23094178147450678,0.24437256489068243,https://crests.football-data.org/351.png,https://crests.football-data.org/65.png
10,2026-11-07 15:00:00+00:00,Arsenal FC,Hull City AFC,0.2491918916272509,0.30228107988415065,0.4485270284885985,https://crests.football-data.org/57.png,https://crests.football-data.org/322.png
11,2026-11-21 15:00:00+00:00,Newcastle United FC,Arsenal FC,0.46788197787274316,0.22859533015164965,0.3035226919756073,https://crests.football-data.org/67.png,https://crests.football-data.org/57.png
11,2026-11-21 15:00:00+00:00,Coventry City FC,Crystal Palace FC,0.4503356619489642,0.24647380749623585,0.3031905305548,https://crests.football-data.org/1076.png,https://crests.football-data.org/354.png
11,2026-11-21 15:00:00+00:00,Brentford FC,Everton FC,0.2566133040397603,0.30914821589136904,0.4342384800688707,https://crests.football-data.org/402.png,https://crests.football-data.org/62.png
11,2026-11-21 15:00:00+00:00,Tottenham Hotspur FC,Ipswich Town FC,0.432282048040049,0.25374353776346653,0.3139744141964845,https://crests.football-data.org/73.png,https://crests.football-data.org/349.png
11,2026-11-21 15:00:00+00:00,AFC Bournemouth,Nottingham Forest FC,0.30488053193821757,0.29655558729526355,0.398563880766519,https://crests.football-data.org/bournemouth.png,https://crests.football-data.org/351.png
11,2026-11-21 15:00:00+00:00,Liverpool FC,Manchester United FC,0.21498006965533586,0.2356347485827206,0.5493851817619435,https://crests.football-data.org/64.png,https://crests.football-data.org/66.png
11,2026-11-21 15:00:00+00:00,Aston Villa FC,Sunderland AFC,0.37222384541415,0.25195069485292,0.3758254597329301,https://crests.football-data.org/58.png,https://crests.football-data.org/71.png
11,2026-11-21 15:00:00+00:00,Manchester City FC,Fulham FC,0.12610139515364266,0.14730846626592278,0.7265901385804346,https://crests.football-data.org/65.png,https://crests.football-data.org/63.png
11,2026-11-21 15:00:00+00:00,Chelsea FC,Leeds United FC,0.5401091752699192,0.206451902914245,0.2534389218158358,https://crests.football-data.org/61.png,https://crests.football-data.org/341.png
11,2026-11-21 15:00:00+00:00,Hull City AFC,Brighton & Hove Albion FC,0.46597818988810186,0.23941135652471976,0.2946104535871784,https://crests.football-data.org/322.png,https://crests.football-data.org/397.png
12,2026-11-28 15:00:00+00:00,Nottingham Forest FC,Chelsea FC,0.3198049538412993,0.24757488406907194,0.4326201620896288,https://crests.football-data.org/351.png,https://crests.football-data.org/61.png
12,2026-11-28 15:00:00+00:00,Crystal Palace FC,Hull City AFC,0.5063700232379716,0.2324118092059895,0.2612181675560388,https://crests.football-data.org/354.png,https://crests.football-data.org/322.png
12,2026-11-28 15:00:00+00:00,Sunderland AFC,Tottenham Hotspur FC,0.21456371091769658,0.2530522919660853,0.5323839971162181,https://crests.football-data.org/71.png,https://crests.football-data.org/73.png
12,2026-11-28 15:00:00+00:00,Brighton & Hove Albion FC,Newcastle United FC,0.12932258893424603,0.13542453070039082,0.7352528803653632,https://crests.football-data.org/397.png,https://crests.football-data.org/67.png
12,2026-11-28 15:00:00+00:00,Fulham FC,AFC Bournemouth,0.34421810811384396,0.258676132864613,0.397105759021543,https://crests.football-data.org/63.png,https://crests.football-data.org/bournemouth.png
12,2026-11-28 15:00:00+00:00,Leeds United FC,Coventry City FC,0.11521645505428336,0.17223816853356255,0.7125453764121541,https://crests.football-data.org/341.png,https://crests.football-data.org/1076.png
12,2026-11-28 15:00:00+00:00,Manchester United FC,Brentford FC,0.5169627228616741,0.21436667881077776,0.268670598327548,https://crests.football-data.org/66.png,https://crests.football-data.org/402.png
12,2026-11-28 15:00:00+00:00,Arsenal FC,Manchester City FC,0.36302002457976473,0.25425602455418894,0.3827239508660464,https://crests.football-data.org/57.png,https://crests.football-data.org/65.png
12,2026-11-28 15:00:00+00:00,Ipswich Town FC,Aston Villa FC,0.2435094779984852,0.2267818705107066,0.5297086514908081,https://crests.football-data.org/349.png,https://crests.football-data.org/58.png
12,2026-11-28 15:00:00+00:00,Everton FC,Liverpool FC,0.26028232234988524,0.3377143939684892,0.4020032836816256,https://crests.football-data.org/62.png,https://crests.football-data.org/64.png
13,2026-12-02 20:00:00+00:00,Coventry City FC,Ipswich Town FC,0.4918270679082379,0.2288641881745541,0.27930874391720817,https://crests.football-data.org/1076.png,https://crests.football-data.org/349.png
13,2026-12-02 20:00:00+00:00,AFC Bournemouth,Brighton & Hove Albion FC,0.6441871153775979,0.1535676166940572,0.202245267928345,https://crests.football-data.org/bournemouth.png,https://crests.football-data.org/397.png
13,2026-12-02 20:00:00+00:00,Newcastle United FC,Manchester United FC,0.3190730533651744,0.21710483378560122,0.4638221128492244,https://crests.football-data.org/67.png,https://crests.football-data.org/66.png
13,2026-12-02 20:00:00+00:00,Manchester City FC,Leeds United FC,0.2837821011214795,0.2726833013750208,0.4435345975034997,https://crests.football-data.org/65.png,https://crests.football-data.org/341.png
13,2026-12-02 20:00:00+00:00,Brentford FC,Arsenal FC,0.2645000057553541,0.27255809583230506,0.4629418984123408,https://crests.football-data.org/402.png,https://crests.football-data.org/57.png
13,2026-12-02 20:00:00+00:00,Tottenham Hotspur FC,Fulham FC,0.3943194397266917,0.29367956459640177,0.31200099567690653,https://crests.football-data.org/73.png,https://crests.football-data.org/63.png
13,2026-12-02 20:00:00+00:00,Chelsea FC,Crystal Palace FC,0.22091911397178793,0.18443630406598382,0.5946445819622282,https://crests.football-data.org/61.png,https://crests.football-data.org/354.png
13,2026-12-02 20:00:00+00:00,Hull City AFC,Nottingham Forest FC,0.20569162545234354,0.31963884779140306,0.47466952675625346,https://crests.football-data.org/322.png,https://crests.football-data.org/351.png
13,2026-12-02 20:00:00+00:00,Liverpool FC,Sunderland AFC,0.15816480435652724,0.19820392294270836,0.6436312727007644,https://crests.football-data.org/64.png,https://crests.football-data.org/71.png
13,2026-12-02 20:00:00+00:00,Aston Villa FC,Everton FC,0.5262857608178685,0.25142606939516876,0.22228816978696292,https://crests.football-data.org/58.png,https://crests.football-data.org/62.png
14,2026-12-05 15:00:00+00:00,Everton FC,Fulham FC,0.1602333807075261,0.24588739157478878,0.5938792277176851,https://crests.football-data.org/62.png,https://crests.football-data.org/63.png
14,2026-12-05 15:00:00+00:00,Nottingham Forest FC,Brighton & Hove Albion FC,0.577325817815114,0.20071344493471271,0.22196073725017335,https://crests.football-data.org/351.png,https://crests.football-data.org/397.png
14,2026-12-05 15:00:00+00:00,Aston Villa FC,Crystal Palace FC,0.35433900531305995,0.2486695926887607,0.39699140199817934,https://crests.football-data.org/58.png,https://crests.football-data.org/354.png
14,2026-12-05 15:00:00+00:00,AFC Bournemouth,Hull City AFC,0.4243316973562032,0.27176104778171245,0.3039072548620844,https://crests.football-data.org/bournemouth.png,https://crests.football-data.org/322.png
14,2026-12-05 15:00:00+00:00,Brentford FC,Manchester City FC,0.32068596550617745,0.24403498686226702,0.43527904763155556,https://crests.football-data.org/402.png,https://crests.football-data.org/65.png
14,2026-12-05 15:00:00+00:00,Newcastle United FC,Sunderland AFC,0.21124168444671237,0.19403450458430915,0.5947238109689784,https://crests.football-data.org/67.png,https://crests.football-data.org/71.png
14,2026-12-05 15:00:00+00:00,Leeds United FC,Ipswich Town FC,0.14094638665966197,0.18041332746769087,0.6786402858726472,https://crests.football-data.org/341.png,https://crests.football-data.org/349.png
14,2026-12-05 15:00:00+00:00,Manchester United FC,Coventry City FC,0.1392751390342468,0.1759346739946902,0.6847901869710631,https://crests.football-data.org/66.png,https://crests.football-data.org/1076.png
14,2026-12-05 15:00:00+00:00,Tottenham Hotspur FC,Arsenal FC,0.574872543569949,0.2207509364784233,0.20437651995162762,https://crests.football-data.org/73.png,https://crests.football-data.org/57.png
14,2026-12-05 15:00:00+00:00,Chelsea FC,Liverpool FC,0.4926626080005254,0.21417312879569791,0.2931642632037766,https://crests.football-data.org/61.png,https://crests.football-data.org/64.png
15,2026-12-12 15:00:00+00:00,Arsenal FC,AFC Bournemouth,0.16763842113494457,0.21114850605314217,0.6212130728119133,https://crests.football-data.org/57.png,https://crests.football-data.org/bournemouth.png
15,2026-12-12 15:00:00+00:00,Fulham FC,Brentford FC,0.577325817815114,0.20071344493471271,0.22196073725017335,https://crests.football-data.org/63.png,https://crests.football-data.org/402.png
15,2026-12-12 15:00:00+00:00,Liverpool FC,Leeds United FC,0.322390492775423,0.32921045807225796,0.348399049152319,https://crests.football-data.org/64.png,https://crests.football-data.org/341.png
15,2026-12-12 15:00:00+00:00,Manchester City FC,Chelsea FC,0.12887488122245241,0.13280826569536122,0.7383168530821863,https://crests.football-data.org/65.png,https://crests.football-data.org/61.png
15,2026-12-12 15:00:00+00:00,Coventry City FC,Aston Villa FC,0.37942320058054624,0.29050711691227865,0.3300696825071751,https://crests.football-data.org/1076.png,https://crests.football-data.org/58.png
15,2026-12-12 15:00:00+00:00,Hull City AFC,Tottenham Hotspur FC,0.14200755966338355,0.2411154012168978,0.6168770391197186,https://crests.football-data.org/322.png,https://crests.football-data.org/73.png
15,2026-12-12 15:00:00+00:00,Brighton & Hove Albion FC,Everton FC,0.22841472455759332,0.25356879634242413,0.5180164790999825,https://crests.football-data.org/397.png,https://crests.football-data.org/62.png
15,2026-12-12 15:00:00+00:00,Ipswich Town FC,Newcastle United FC,0.4441505792868779,0.20698725392847855,0.34886216678464355,https://crests.football-data.org/349.png,https://crests.football-data.org/67.png
15,2026-12-12 15:00:00+00:00,Crystal Palace FC,Manchester United FC,0.4703317996970681,0.21305925050587668,0.3166089497970553,https://crests.football-data.org/354.png,https://crests.football-data.org/66.png
15,2026-12-12 15:00:00+00:00,Sunderland AFC,Nottingham Forest FC,0.35010942505713166,0.282706314902009,0.3671842600408594,https://crests.football-data.org/71.png,https://crests.football-data.org/351.png
16,2026-12-19 15:00:00+00:00,Chelsea FC,Aston Villa FC,0.19410875705877806,0.18972495417241347,0.6161662887688085,https://crests.football-data.org/61.png,https://crests.football-data.org/58.png
16,2026-12-19 15:00:00+00:00,Liverpool FC,Tottenham Hotspur FC,0.13307327341237837,0.21394460228111017,0.6529821243065115,https://crests.football-data.org/64.png,https://crests.football-data.org/73.png
16,2026-12-19 15:00:00+00:00,Arsenal FC,Manchester United FC,0.19586943651962757,0.2187851073625869,0.5853454561177857,https://crests.football-data.org/57.png,https://crests.football-data.org/66.png
16,2026-12-19 15:00:00+00:00,Sunderland AFC,Crystal Palace FC,0.2952999402664072,0.2240380311514167,0.4806620285821761,https://crests.football-data.org/71.png,https://crests.football-data.org/354.png
16,2026-12-19 15:00:00+00:00,AFC Bournemouth,Coventry City FC,0.16602353357408384,0.21789956189256218,0.6160769045333541,https://crests.football-data.org/bournemouth.png,https://crests.football-data.org/1076.png
16,2026-12-19 15:00:00+00:00,Brentford FC,Newcastle United FC,0.1623563577976667,0.1784550095716882,0.6591886326306451,https://crests.football-data.org/402.png,https://crests.football-data.org/67.png
16,2026-12-19 15:00:00+00:00,Nottingham Forest FC,Everton FC,0.38704602750130435,0.3448560357691769,0.2680979367295188,https://crests.football-data.org/351.png,https://crests.football-data.org/62.png
16,2026-12-19 15:00:00+00:00,Brighton & Hove Albion FC,Ipswich Town FC,0.10914922929108149,0.11244341898472682,0.7784073517241917,https://crests.football-data.org/397.png,https://crests.football-data.org/349.png
16,2026-12-19 15:00:00+00:00,Leeds United FC,Fulham FC,0.14814071288701247,0.22036871220667362,0.6314905749063139,https://crests.football-data.org/341.png,https://crests.football-data.org/63.png
16,2026-12-19 15:00:00+00:00,Manchester City FC,Hull City AFC,0.2171273659035922,0.24392925901048998,0.5389433750859178,https://crests.football-data.org/65.png,https://crests.football-data.org/322.png
17,2026-12-26 12:30:00+00:00,Aston Villa FC,Leeds United FC,0.5638474253254924,0.2254216616227412,0.21073091305176653,https://crests.football-data.org/58.png,https://crests.football-data.org/341.png
17,2026-12-26 15:00:00+00:00,Everton FC,Sunderland AFC,0.15326617176042776,0.21342363618908647,0.6333101920504858,https://crests.football-data.org/62.png,https://crests.football-data.org/71.png
17,2026-12-26 15:00:00+00:00,Fulham FC,Brighton & Hove Albion FC,0.6607656516428736,0.14677335149336038,0.19246099686376592,https://crests.football-data.org/63.png,https://crests.football-data.org/397.png
17,2026-12-26 15:00:00+00:00,Tottenham Hotspur FC,AFC Bournemouth,0.4380061802844439,0.27255135654692975,0.28944246316862643,https://crests.football-data.org/73.png,https://crests.football-data.org/bournemouth.png
17,2026-12-26 15:00:00+00:00,Ipswich Town FC,Brentford FC,0.6179360744074646,0.16912938632913907,0.21293453926339628,https://crests.football-data.org/349.png,https://crests.football-data.org/402.png
17,2026-12-26 17:30:00+00:00,Hull City AFC,Liverpool FC,0.307740817088884,0.32050712666545655,0.3717520562456595,https://crests.football-data.org/322.png,https://crests.football-data.org/64.png
17,2026-12-26 20:00:00+00:00,Newcastle United FC,Manchester City FC,0.5666149183901079,0.18125837846271586,0.2521267031471763,https://crests.football-data.org/67.png,https://crests.football-data.org/65.png
17,2026-12-27 14:00:00+00:00,Coventry City FC,Chelsea FC,0.5758348629820064,0.18688644123057865,0.237278695787415,https://crests.football-data.org/1076.png,https://crests.football-data.org/61.png
17,2026-12-27 16:30:00+00:00,Manchester United FC,Nottingham Forest FC,0.2645000057553541,0.27255809583230506,0.4629418984123408,https://crests.football-data.org/66.png,https://crests.football-data.org/351.png
17,2026-12-27 19:00:00+00:00,Crystal Palace FC,Arsenal FC,0.5812244927661372,0.1930183682242295,0.22575713900963335,https://crests.football-data.org/354.png,https://crests.football-data.org/57.png
18,2026-12-29 19:30:00+00:00,Hull City AFC,Leeds United FC,0.3379988191244186,0.3378224794755556,0.3241787014000258,https://crests.football-data.org/322.png,https://crests.football-data.org/341.png
18,2026-12-29 19:30:00+00:00,Tottenham Hotspur FC,Brighton & Hove Albion FC,0.6957010150874497,0.12983351974955037,0.1744654651629999,https://crests.football-data.org/73.png,https://crests.football-data.org/397.png
18,2026-12-29 20:15:00+00:00,Everton FC,Manchester City FC,0.34463078557065846,0.28448221626595876,0.37088699816338283,https://crests.football-data.org/62.png,https://crests.football-data.org/65.png
18,2026-12-30 19:30:00+00:00,Fulham FC,Arsenal FC,0.52069017935523,0.23317941258657335,0.24613040805819658,https://crests.football-data.org/63.png,https://crests.football-data.org/57.png
18,2026-12-30 19:30:00+00:00,Coventry City FC,Brentford FC,0.6675216200678094,0.15264418671069038,0.17983419322150035,https://crests.football-data.org/1076.png,https://crests.football-data.org/402.png
18,2026-12-30 19:30:00+00:00,Newcastle United FC,Nottingham Forest FC,0.26645062354175875,0.25951766339649257,0.4740317130617487,https://crests.football-data.org/67.png,https://crests.football-data.org/351.png
18,2026-12-30 19:30:00+00:00,Manchester United FC,Sunderland AFC,0.21444905909297043,0.20314257996243382,0.5824083609445958,https://crests.football-data.org/66.png,https://crests.football-data.org/71.png
18,2026-12-30 19:30:00+00:00,Crystal Palace FC,AFC Bournemouth,0.3881160889099507,0.23501813585905376,0.3768657752309957,https://crests.football-data.org/354.png,https://crests.football-data.org/bournemouth.png
18,2026-12-30 20:15:00+00:00,Ipswich Town FC,Chelsea FC,0.4007832321482531,0.20165643969376942,0.39756032815797754,https://crests.football-data.org/349.png,https://crests.football-data.org/61.png
18,2026-12-30 20:15:00+00:00,Aston Villa FC,Liverpool FC,0.539896240049023,0.23110942031543555,0.22899433963554142,https://crests.football-data.org/58.png,https://crests.football-data.org/64.png
19,2027-01-01 20:00:00+00:00,Leeds United FC,Everton FC,0.25024395791595705,0.35966997572186543,0.3900860663621775,https://crests.football-data.org/341.png,https://crests.football-data.org/62.png
19,2027-01-02 12:30:00+00:00,Brighton & Hove Albion FC,Manchester United FC,0.1325289911045807,0.14193942440819646,0.7255315844872229,https://crests.football-data.org/397.png,https://crests.football-data.org/66.png
19,2027-01-02 15:00:00+00:00,Brentford FC,Crystal Palace FC,0.12104567196381999,0.1398595167888572,0.7390948112473229,https://crests.football-data.org/402.png,https://crests.football-data.org/354.png
19,2027-01-02 15:00:00+00:00,Arsenal FC,Ipswich Town FC,0.14573713390492604,0.1718620523931667,0.6824008137019072,https://crests.football-data.org/57.png,https://crests.football-data.org/349.png
19,2027-01-02 15:00:00+00:00,Sunderland AFC,Hull City AFC,0.4812803699290558,0.24487133191417626,0.273848298156768,https://crests.football-data.org/71.png,https://crests.football-data.org/322.png
19,2027-01-02 15:00:00+00:00,Liverpool FC,Coventry City FC,0.12163877101725337,0.17747702509034832,0.7008842038923984,https://crests.football-data.org/64.png,https://crests.football-data.org/1076.png
19,2027-01-02 15:00:00+00:00,Nottingham Forest FC,Fulham FC,0.25518826884555723,0.3010836475490633,0.4437280836053794,https://crests.football-data.org/351.png,https://crests.football-data.org/63.png
19,2027-01-02 17:30:00+00:00,AFC Bournemouth,Aston Villa FC,0.2202948567020367,0.24004286102680017,0.5396622822711632,https://crests.football-data.org/bournemouth.png,https://crests.football-data.org/58.png
19,2027-01-03 14:00:00+00:00,Chelsea FC,Newcastle United FC,0.37531997074529344,0.20143191096693672,0.4232481182877698,https://crests.football-data.org/61.png,https://crests.football-data.org/67.png
19,2027-01-03 16:30:00+00:00,Manchester City FC,Tottenham Hotspur FC,0.11031307541543081,0.13173296199596424,0.7579539625886049,https://crests.football-data.org/65.png,https://crests.football-data.org/73.png
20,2027-01-05 19:30:00+00:00,Arsenal FC,Brentford FC,0.34048172041107533,0.2796806047352749,0.37983767485364966,https://crests.football-data.org/57.png,https://crests.football-data.org/402.png
20,2027-01-05 19:30:00+00:00,Brighton & Hove Albion FC,AFC Bournemouth,0.11961350375063826,0.13166258423115976,0.7487239120182021,https://crests.football-data.org/397.png,https://crests.football-data.org/bournemouth.png
20,2027-01-05 19:30:00+00:00,Nottingham Forest FC,Hull City AFC,0.36311583253349966,0.3355910374688892,0.30129312999761115,https://crests.football-data.org/351.png,https://crests.football-data.org/322.png
20,2027-01-05 19:30:00+00:00,Everton FC,Aston Villa FC,0.13955781809456866,0.22212141966124171,0.6383207622441897,https://crests.football-data.org/62.png,https://crests.football-data.org/58.png
20,2027-01-05 20:15:00+00:00,Sunderland AFC,Liverpool FC,0.5219171462670656,0.22450440759164536,0.2535784461412891,https://crests.football-data.org/71.png,https://crests.football-data.org/64.png
20,2027-01-06 19:30:00+00:00,Fulham FC,Tottenham Hotspur FC,0.21006935660722464,0.27650273128454905,0.5134279121082262,https://crests.football-data.org/63.png,https://crests.football-data.org/73.png
20,2027-01-06 19:30:00+00:00,Crystal Palace FC,Chelsea FC,0.4431942419399218,0.2012598464605309,0.3555459115995473,https://crests.football-data.org/354.png,https://crests.football-data.org/61.png
20,2027-01-06 19:30:00+00:00,Ipswich Town FC,Coventry City FC,0.17606667582735921,0.2047754906874951,0.6191578334851457,https://crests.football-data.org/349.png,https://crests.football-data.org/1076.png
20,2027-01-06 20:15:00+00:00,Leeds United FC,Manchester City FC,0.32140293628486183,0.27621218467007363,0.4023848790450646,https://crests.football-data.org/341.png,https://crests.football-data.org/65.png
20,2027-01-07 20:00:00+00:00,Manchester United FC,Newcastle United FC,0.3190730533651744,0.21710483378560122,0.4638221128492244,https://crests.football-data.org/66.png,https://crests.football-data.org/67.png
21,2027-01-16 15:00:00+00:00,Newcastle United FC,Fulham FC,0.22325448619580646,0.21305979418831186,0.5636857196158818,https://crests.football-data.org/67.png,https://crests.football-data.org/63.png
21,2027-01-16 15:00:00+00:00,Hull City AFC,Arsenal FC,0.3333070213463992,0.3105796099413214,0.35611336871227944,https://crests.football-data.org/322.png,https://crests.football-data.org/57.png
21,2027-01-16 15:00:00+00:00,Liverpool FC,Crystal Palace FC,0.1487391842994404,0.18465921817127148,0.6666015975292882,https://crests.football-data.org/64.png,https://crests.football-data.org/354.png
21,2027-01-16 15:00:00+00:00,Coventry City FC,Everton FC,0.5765906848551438,0.2271796146640598,0.1962297004807964,https://crests.football-data.org/1076.png,https://crests.football-data.org/62.png
21,2027-01-16 15:00:00+00:00,Tottenham Hotspur FC,Leeds United FC,0.5604284334827864,0.23972734432047282,0.19984422219674092,https://crests.football-data.org/73.png,https://crests.football-data.org/341.png
21,2027-01-16 15:00:00+00:00,Chelsea FC,Sunderland AFC,0.24156920135819443,0.1931964163284271,0.5652343823133784,https://crests.football-data.org/61.png,https://crests.football-data.org/71.png
21,2027-01-16 15:00:00+00:00,Brentford FC,Brighton & Hove Albion FC,0.37138362275360715,0.23573587096577484,0.39288050628061805,https://crests.football-data.org/402.png,https://crests.football-data.org/397.png
21,2027-01-16 15:00:00+00:00,Manchester City FC,Nottingham Forest FC,0.15284656805347024,0.20383990504110694,0.6433135269054229,https://crests.football-data.org/65.png,https://crests.football-data.org/351.png
21,2027-01-16 15:00:00+00:00,AFC Bournemouth,Ipswich Town FC,0.2802300495922522,0.2242059266949591,0.4955640237127888,https://crests.football-data.org/bournemouth.png,https://crests.football-data.org/349.png
21,2027-01-16 15:00:00+00:00,Aston Villa FC,Manchester United FC,0.4877947097738681,0.22685689787961544,0.28534839234651654,https://crests.football-data.org/58.png,https://crests.football-data.org/66.png
22,2027-01-23 15:00:00+00:00,Fulham FC,Aston Villa FC,0.2472082687933876,0.26067677500184405,0.4921149562047684,https://crests.football-data.org/63.png,https://crests.football-data.org/58.png
22,2027-01-23 15:00:00+00:00,Crystal Palace FC,Tottenham Hotspur FC,0.2270278944798627,0.2535372214293814,0.5194348840907559,https://crests.football-data.org/354.png,https://crests.football-data.org/73.png
22,2027-01-23 15:00:00+00:00,Brighton & Hove Albion FC,Manchester City FC,0.2702403957818315,0.20992132139577788,0.5198382828223906,https://crests.football-data.org/397.png,https://crests.football-data.org/65.png
22,2027-01-23 15:00:00+00:00,Manchester United FC,Liverpool FC,0.42032798503818436,0.2532698174392122,0.3264021975226034,https://crests.football-data.org/66.png,https://crests.football-data.org/64.png
22,2027-01-23 15:00:00+00:00,Leeds United FC,Chelsea FC,0.15539257773615717,0.18050581321500897,0.6641016090488339,https://crests.football-data.org/341.png,https://crests.football-data.org/61.png
22,2027-01-23 15:00:00+00:00,Everton FC,Brentford FC,0.3206657005710409,0.3155441413580845,0.3637901580708746,https://crests.football-data.org/62.png,https://crests.football-data.org/402.png
22,2027-01-23 15:00:00+00:00,Nottingham Forest FC,AFC Bournemouth,0.2846297162625195,0.29458588645635225,0.42078439728112826,https://crests.football-data.org/351.png,https://crests.football-data.org/bournemouth.png
22,2027-01-23 15:00:00+00:00,Sunderland AFC,Coventry City FC,0.18593116447416708,0.2233153456108055,0.5907534899150274,https://crests.football-data.org/71.png,https://crests.football-data.org/1076.png
22,2027-01-23 15:00:00+00:00,Ipswich Town FC,Hull City AFC,0.4847999277202998,0.2349989615175928,0.28020111076210746,https://crests.football-data.org/349.png,https://crests.football-data.org/322.png
22,2027-01-23 15:00:00+00:00,Arsenal FC,Newcastle United FC,0.19279272507681164,0.2069589607150668,0.6002483142081216,https://crests.football-data.org/57.png,https://crests.football-data.org/67.png
23,2027-01-30 15:00:00+00:00,Aston Villa FC,Ipswich Town FC,0.3934294766983875,0.2396533559810518,0.3669171673205606,https://crests.football-data.org/58.png,https://crests.football-data.org/349.png
23,2027-01-30 15:00:00+00:00,Manchester City FC,Arsenal FC,0.26087506515551534,0.24513062960004595,0.49399430524443877,https://crests.football-data.org/65.png,https://crests.football-data.org/57.png
23,2027-01-30 15:00:00+00:00,Liverpool FC,Everton FC,0.29457507324951326,0.3413064026064771,0.36411852414400975,https://crests.football-data.org/64.png,https://crests.football-data.org/62.png
23,2027-01-30 15:00:00+00:00,Chelsea FC,Nottingham Forest FC,0.30318724590603197,0.24608305152603255,0.4507297025679355,https://crests.football-data.org/61.png,https://crests.football-data.org/351.png
23,2027-01-30 15:00:00+00:00,AFC Bournemouth,Fulham FC,0.27456654539309283,0.2523614910277,0.4730719635792072,https://crests.football-data.org/bournemouth.png,https://crests.football-data.org/63.png
23,2027-01-30 15:00:00+00:00,Coventry City FC,Leeds United FC,0.6112023309324082,0.2001662677067746,0.18863140136081713,https://crests.football-data.org/1076.png,https://crests.football-data.org/341.png
23,2027-01-30 15:00:00+00:00,Newcastle United FC,Brighton & Hove Albion FC,0.620777059554458,0.15814290444283216,0.22108003600270976,https://crests.football-data.org/67.png,https://crests.football-data.org/397.png
23,2027-01-30 15:00:00+00:00,Brentford FC,Manchester United FC,0.16639536492916446,0.1893173381563964,0.6442872969144391,https://crests.football-data.org/402.png,https://crests.football-data.org/66.png
23,2027-01-30 15:00:00+00:00,Tottenham Hotspur FC,Sunderland AFC,0.4078648302952552,0.2702609263867797,0.32187424331796516,https://crests.football-data.org/73.png,https://crests.football-data.org/71.png
23,2027-01-30 15:00:00+00:00,Hull City AFC,Crystal Palace FC,0.1643251505505303,0.20669261773728884,0.6289822317121809,https://crests.football-data.org/322.png,https://crests.football-data.org/354.png
24,2027-02-06 15:00:00+00:00,Fulham FC,Manchester City FC,0.6171103219440343,0.17203038539108798,0.21085929266487777,https://crests.football-data.org/63.png,https://crests.football-data.org/65.png
24,2027-02-06 15:00:00+00:00,Nottingham Forest FC,Brentford FC,0.48183845936337394,0.26666213565321706,0.2514994049834089,https://crests.football-data.org/351.png,https://crests.football-data.org/402.png
24,2027-02-06 15:00:00+00:00,Manchester United FC,Chelsea FC,0.2745302582669911,0.1991407321646018,0.5263290095684072,https://crests.football-data.org/66.png,https://crests.football-data.org/61.png
24,2027-02-06 15:00:00+00:00,Everton FC,Newcastle United FC,0.19926413819474206,0.23765573390371464,0.5630801279015434,https://crests.football-data.org/62.png,https://crests.football-data.org/67.png
24,2027-02-06 15:00:00+00:00,Leeds United FC,AFC Bournemouth,0.15934020151782577,0.22425855132954672,0.6164012471526276,https://crests.football-data.org/341.png,https://crests.football-data.org/bournemouth.png
24,2027-02-06 15:00:00+00:00,Crystal Palace FC,Coventry City FC,0.19616890496794107,0.22547623555300705,0.5783548594790519,https://crests.football-data.org/354.png,https://crests.football-data.org/1076.png
24,2027-02-06 15:00:00+00:00,Sunderland AFC,Aston Villa FC,0.25440457214264633,0.24151075349768855,0.5040846743596652,https://crests.football-data.org/71.png,https://crests.football-data.org/58.png
24,2027-02-06 15:00:00+00:00,Ipswich Town FC,Tottenham Hotspur FC,0.20556099824570342,0.23446116846902718,0.5599778332852694,https://crests.football-data.org/349.png,https://crests.football-data.org/73.png
24,2027-02-06 15:00:00+00:00,Brighton & Hove Albion FC,Hull City AFC,0.18865407423830427,0.2171488799764717,0.594197045785224,https://crests.football-data.org/397.png,https://crests.football-data.org/322.png
24,2027-02-06 15:00:00+00:00,Arsenal FC,Liverpool FC,0.2729650544399451,0.2972801041088031,0.42975484145125187,https://crests.football-data.org/57.png,https://crests.football-data.org/64.png
25,2027-02-10 20:00:00+00:00,Ipswich Town FC,Arsenal FC,0.562156743120131,0.19819034125894275,0.2396529156209263,https://crests.football-data.org/349.png,https://crests.football-data.org/57.png
25,2027-02-10 20:00:00+00:00,Manchester United FC,Brighton & Hove Albion FC,0.6092208441043415,0.16578200289245743,0.22499715300320117,https://crests.football-data.org/66.png,https://crests.football-data.org/397.png
25,2027-02-10 20:00:00+00:00,Tottenham Hotspur FC,Manchester City FC,0.663626710110832,0.15286628813454642,0.18350700175462165,https://crests.football-data.org/73.png,https://crests.football-data.org/65.png
25,2027-02-10 20:00:00+00:00,Fulham FC,Nottingham Forest FC,0.32833121199670834,0.3082859428154944,0.36338284518779734,https://crests.football-data.org/63.png,https://crests.football-data.org/351.png
25,2027-02-10 20:00:00+00:00,Newcastle United FC,Chelsea FC,0.27363213004758324,0.19334517376519575,0.5330226961872211,https://crests.football-data.org/67.png,https://crests.football-data.org/61.png
25,2027-02-10 20:00:00+00:00,Crystal Palace FC,Brentford FC,0.633684474771048,0.16335490518806553,0.20296062004088658,https://crests.football-data.org/354.png,https://crests.football-data.org/402.png
25,2027-02-10 20:00:00+00:00,Aston Villa FC,AFC Bournemouth,0.4110202200306183,0.2566306211898434,0.3323491587795383,https://crests.football-data.org/58.png,https://crests.football-data.org/bournemouth.png
25,2027-02-10 20:00:00+00:00,Hull City AFC,Sunderland AFC,0.1747679902748828,0.22049261614694426,0.6047393935781731,https://crests.football-data.org/322.png,https://crests.football-data.org/71.png
25,2027-02-10 20:00:00+00:00,Coventry City FC,Liverpool FC,0.5956084011333955,0.20571917775913248,0.198672421107472,https://crests.football-data.org/1076.png,https://crests.football-data.org/64.png
25,2027-02-10 20:00:00+00:00,Everton FC,Leeds United FC,0.28625779634763954,0.36358245939942063,0.35015974425293994,https://crests.football-data.org/62.png,https://crests.football-data.org/341.png
26,2027-02-20 15:00:00+00:00,Sunderland AFC,Everton FC,0.5157503302288748,0.24072665516252534,0.24352301460859976,https://crests.football-data.org/71.png,https://crests.football-data.org/62.png
26,2027-02-20 15:00:00+00:00,Brighton & Hove Albion FC,Tottenham Hotspur FC,0.1047910926549927,0.11440941567130476,0.7807994916737027,https://crests.football-data.org/397.png,https://crests.football-data.org/73.png
26,2027-02-20 15:00:00+00:00,Nottingham Forest FC,Manchester United FC,0.34048172041107533,0.2796806047352749,0.37983767485364966,https://crests.football-data.org/351.png,https://crests.football-data.org/66.png
26,2027-02-20 15:00:00+00:00,Arsenal FC,Fulham FC,0.15426134324440133,0.20618343374938913,0.6395552230062096,https://crests.football-data.org/57.png,https://crests.football-data.org/63.png
26,2027-02-20 15:00:00+00:00,Leeds United FC,Aston Villa FC,0.13032941120406974,0.19629220241636133,0.6733783863795689,https://crests.football-data.org/341.png,https://crests.football-data.org/58.png
26,2027-02-20 15:00:00+00:00,Chelsea FC,Ipswich Town FC,0.25273066412726114,0.19005652866180073,0.5572128072109381,https://crests.football-data.org/61.png,https://crests.football-data.org/349.png
26,2027-02-20 15:00:00+00:00,Brentford FC,Coventry City FC,0.10840241726347863,0.1317364606710335,0.7598611220654877,https://crests.football-data.org/402.png,https://crests.football-data.org/1076.png
26,2027-02-20 15:00:00+00:00,AFC Bournemouth,Crystal Palace FC,0.2501007252486196,0.2232135782799466,0.5266856964714339,https://crests.football-data.org/bournemouth.png,https://crests.football-data.org/354.png
26,2027-02-20 15:00:00+00:00,Manchester City FC,Newcastle United FC,0.14983146944722744,0.15653140360762285,0.6936371269451497,https://crests.football-data.org/65.png,https://crests.football-data.org/67.png
26,2027-02-20 15:00:00+00:00,Liverpool FC,Hull City AFC,0.26438518869408895,0.31612751790768406,0.419487293398227,https://crests.football-data.org/64.png,https://crests.football-data.org/322.png
27,2027-02-27 15:00:00+00:00,Newcastle United FC,Brentford FC,0.5308712298168271,0.20356188112805268,0.26556688905512016,https://crests.football-data.org/67.png,https://crests.football-data.org/402.png
27,2027-02-27 15:00:00+00:00,Tottenham Hotspur FC,Liverpool FC,0.5428854447508787,0.24373442871326387,0.21338012653585742,https://crests.football-data.org/73.png,https://crests.football-data.org/64.png
27,2027-02-27 15:00:00+00:00,Aston Villa FC,Chelsea FC,0.47704121990184983,0.21097879784634443,0.3119799822518058,https://crests.football-data.org/58.png,https://crests.football-data.org/61.png
27,2027-02-27 15:00:00+00:00,Fulham FC,Leeds United FC,0.5164326119770921,0.24850559351301957,0.23506179450988837,https://crests.football-data.org/63.png,https://crests.football-data.org/341.png
27,2027-02-27 15:00:00+00:00,Hull City AFC,Manchester City FC,0.41181344447798574,0.2609634507285314,0.32722310479348293,https://crests.football-data.org/322.png,https://crests.football-data.org/65.png
27,2027-02-27 15:00:00+00:00,Coventry City FC,AFC Bournemouth,0.4948392366302926,0.24353952542172333,0.2616212379479841,https://crests.football-data.org/1076.png,https://crests.football-data.org/bournemouth.png
27,2027-02-27 15:00:00+00:00,Ipswich Town FC,Brighton & Hove Albion FC,0.6872538065256574,0.1279351780560298,0.18481101541831282,https://crests.football-data.org/349.png,https://crests.football-data.org/397.png
27,2027-02-27 15:00:00+00:00,Manchester United FC,Arsenal FC,0.45560924972032835,0.23989829542647936,0.30449245485319226,https://crests.football-data.org/66.png,https://crests.football-data.org/57.png
27,2027-02-27 15:00:00+00:00,Crystal Palace FC,Sunderland AFC,0.33946921884252323,0.22785941930321424,0.43267136185426264,https://crests.football-data.org/354.png,https://crests.football-data.org/71.png
27,2027-02-27 15:00:00+00:00,Everton FC,Nottingham Forest FC,0.1794127387144391,0.3237690253260986,0.4968182359594623,https://crests.football-data.org/62.png,https://crests.football-data.org/351.png
28,2027-03-03 20:00:00+00:00,Chelsea FC,Coventry City FC,0.14260294851871635,0.16116283624400476,0.6962342152372789,https://crests.football-data.org/61.png,https://crests.football-data.org/1076.png
28,2027-03-03 20:00:00+00:00,Brentford FC,Ipswich Town FC,0.12684307209269371,0.1447636488267622,0.7283932790805441,https://crests.football-data.org/402.png,https://crests.football-data.org/349.png
28,2027-03-03 20:00:00+00:00,Brighton & Hove Albion FC,Fulham FC,0.1142622268741745,0.12641442320965784,0.7593233499161677,https://crests.football-data.org/397.png,https://crests.football-data.org/63.png
28,2027-03-03 20:00:00+00:00,Liverpool FC,Aston Villa FC,0.14267104306475625,0.20287266184449443,0.6544562950907493,https://crests.football-data.org/64.png,https://crests.football-data.org/58.png
28,2027-03-03 20:00:00+00:00,Sunderland AFC,Manchester United FC,0.44218917839665617,0.2213292048609914,0.33648161674235244,https://crests.football-data.org/71.png,https://crests.football-data.org/66.png
28,2027-03-03 20:00:00+00:00,Leeds United FC,Hull City AFC,0.22505471008783073,0.3262132035908305,0.4487320863213388,https://crests.football-data.org/341.png,https://crests.football-data.org/322.png
28,2027-03-03 20:00:00+00:00,Manchester City FC,Everton FC,0.2576725208409564,0.27628291601210264,0.4660445631469409,https://crests.football-data.org/65.png,https://crests.football-data.org/62.png
28,2027-03-03 20:00:00+00:00,AFC Bournemouth,Tottenham Hotspur FC,0.1898203269639382,0.25091198345793153,0.5592676895781302,https://crests.football-data.org/bournemouth.png,https://crests.football-data.org/73.png
28,2027-03-03 20:00:00+00:00,Nottingham Forest FC,Newcastle United FC,0.3476737018501531,0.26696404387873335,0.3853622542711136,https://crests.football-data.org/351.png,https://crests.football-data.org/67.png
28,2027-03-03 20:00:00+00:00,Arsenal FC,Crystal Palace FC,0.13687036377711365,0.1665045032228185,0.6966251330000679,https://crests.football-data.org/57.png,https://crests.football-data.org/354.png
29,2027-03-13 15:00:00+00:00,Chelsea FC,Arsenal FC,0.531198756357671,0.19939624340841103,0.2694050002339179,https://crests.football-data.org/61.png,https://crests.football-data.org/57.png
29,2027-03-13 15:00:00+00:00,Sunderland AFC,Brentford FC,0.612233863827275,0.17569912256887987,0.21206701360384522,https://crests.football-data.org/71.png,https://crests.football-data.org/402.png
29,2027-03-13 15:00:00+00:00,Manchester United FC,Everton FC,0.4243316973562032,0.27176104778171245,0.3039072548620844,https://crests.football-data.org/66.png,https://crests.football-data.org/62.png
29,2027-03-13 15:00:00+00:00,Aston Villa FC,Hull City AFC,0.5011337211434517,0.2549855377044508,0.2438807411520975,https://crests.football-data.org/58.png,https://crests.football-data.org/322.png
29,2027-03-13 15:00:00+00:00,AFC Bournemouth,Newcastle United FC,0.3863859105726667,0.2276618412969614,0.385952248130372,https://crests.football-data.org/bournemouth.png,https://crests.football-data.org/67.png
29,2027-03-13 15:00:00+00:00,Coventry City FC,Manchester City FC,0.6977105321964101,0.12837058615714556,0.17391888164644437,https://crests.football-data.org/1076.png,https://crests.football-data.org/65.png
29,2027-03-13 15:00:00+00:00,Liverpool FC,Ipswich Town FC,0.15966774713391133,0.18981136670491777,0.6505208861611709,https://crests.football-data.org/64.png,https://crests.football-data.org/349.png
29,2027-03-13 15:00:00+00:00,Crystal Palace FC,Fulham FC,0.3417873113272209,0.24417399813902851,0.41403869053375064,https://crests.football-data.org/354.png,https://crests.football-data.org/63.png
29,2027-03-13 15:00:00+00:00,Tottenham Hotspur FC,Nottingham Forest FC,0.3918605410802177,0.33276509787263575,0.2753743610471466,https://crests.football-data.org/73.png,https://crests.football-data.org/351.png
29,2027-03-13 15:00:00+00:00,Leeds United FC,Brighton & Hove Albion FC,0.3672564128712753,0.2639523508280519,0.3687912363006728,https://crests.football-data.org/341.png,https://crests.football-data.org/397.png
30,2027-03-20 15:00:00+00:00,Newcastle United FC,Leeds United FC,0.4777001559109924,0.24015061152605707,0.2821492325629506,https://crests.football-data.org/67.png,https://crests.football-data.org/341.png
30,2027-03-20 15:00:00+00:00,Everton FC,Tottenham Hotspur FC,0.1306252211761946,0.2373300956364932,0.6320446831873123,https://crests.football-data.org/62.png,https://crests.football-data.org/73.png
30,2027-03-20 15:00:00+00:00,Nottingham Forest FC,Aston Villa FC,0.21267490259534477,0.291212544501297,0.4961125529033582,https://crests.football-data.org/351.png,https://crests.football-data.org/58.png
30,2027-03-20 15:00:00+00:00,Hull City AFC,Chelsea FC,0.20614008545577148,0.21001636847942592,0.5838435460648026,https://crests.football-data.org/322.png,https://crests.football-data.org/61.png
30,2027-03-20 15:00:00+00:00,Fulham FC,Liverpool FC,0.4863160616523599,0.25210683656196875,0.2615771017856714,https://crests.football-data.org/63.png,https://crests.football-data.org/64.png
30,2027-03-20 15:00:00+00:00,Ipswich Town FC,Crystal Palace FC,0.28231874515648264,0.21301673362468748,0.50466452121883,https://crests.football-data.org/349.png,https://crests.football-data.org/354.png
30,2027-03-20 15:00:00+00:00,Manchester City FC,Manchester United FC,0.1538654956200557,0.1649671921448866,0.6811673122350577,https://crests.football-data.org/65.png,https://crests.football-data.org/66.png
30,2027-03-20 15:00:00+00:00,Brighton & Hove Albion FC,Coventry City FC,0.10137088353795139,0.10273561177403769,0.795893504688011,https://crests.football-data.org/397.png,https://crests.football-data.org/1076.png
30,2027-03-20 15:00:00+00:00,Brentford FC,AFC Bournemouth,0.14517320765837086,0.1793427017893401,0.6754840905522891,https://crests.football-data.org/402.png,https://crests.football-data.org/bournemouth.png
30,2027-03-20 15:00:00+00:00,Arsenal FC,Sunderland AFC,0.14517320765837086,0.1793427017893401,0.6754840905522891,https://crests.football-data.org/57.png,https://crests.football-data.org/71.png
31,2027-04-10 14:00:00+00:00,AFC Bournemouth,Manchester City FC,0.5961886318139062,0.17893865813988502,0.2248727100462087,https://crests.football-data.org/bournemouth.png,https://crests.football-data.org/65.png
31,2027-04-10 14:00:00+00:00,Aston Villa FC,Brighton & Hove Albion FC,0.6941883231382376,0.12806384035850374,0.1777478365032586,https://crests.football-data.org/58.png,https://crests.football-data.org/397.png
31,2027-04-10 14:00:00+00:00,Tottenham Hotspur FC,Brentford FC,0.6248518048723616,0.18432617237522203,0.1908220227524165,https://crests.football-data.org/73.png,https://crests.football-data.org/402.png
31,2027-04-10 14:00:00+00:00,Crystal Palace FC,Everton FC,0.5399795676244519,0.22645011627764014,0.23357031609790802,https://crests.football-data.org/354.png,https://crests.football-data.org/62.png
31,2027-04-10 14:00:00+00:00,Coventry City FC,Arsenal FC,0.6248518048723616,0.18432617237522203,0.1908220227524165,https://crests.football-data.org/1076.png,https://crests.football-data.org/57.png
31,2027-04-10 14:00:00+00:00,Sunderland AFC,Ipswich Town FC,0.33257611786727037,0.22199208726827735,0.4454317948644523,https://crests.football-data.org/71.png,https://crests.football-data.org/349.png
31,2027-04-10 14:00:00+00:00,Chelsea FC,Fulham FC,0.2535636626676667,0.2086794520563732,0.5377568852759601,https://crests.football-data.org/61.png,https://crests.football-data.org/63.png
31,2027-04-10 14:00:00+00:00,Manchester United FC,Hull City AFC,0.38193234582100244,0.26666639076266313,0.3514012634163345,https://crests.football-data.org/66.png,https://crests.football-data.org/322.png
31,2027-04-10 14:00:00+00:00,Leeds United FC,Nottingham Forest FC,0.16876432108305692,0.29788173836498455,0.5333539405519585,https://crests.football-data.org/341.png,https://crests.football-data.org/351.png
31,2027-04-10 14:00:00+00:00,Liverpool FC,Newcastle United FC,0.2129898213717114,0.22344167450640393,0.5635685041218848,https://crests.football-data.org/64.png,https://crests.football-data.org/67.png
32,2027-04-17 14:00:00+00:00,Ipswich Town FC,Manchester United FC,0.4362572122548968,0.2146511021451477,0.3490916855999554,https://crests.football-data.org/349.png,https://crests.football-data.org/66.png
32,2027-04-17 14:00:00+00:00,Everton FC,AFC Bournemouth,0.17356395018202186,0.24852492503680199,0.5779111247811761,https://crests.football-data.org/62.png,https://crests.football-data.org/bournemouth.png
32,2027-04-17 14:00:00+00:00,Newcastle United FC,Tottenham Hotspur FC,0.1561841426628174,0.19455653175291907,0.6492593255842636,https://crests.football-data.org/67.png,https://crests.football-data.org/73.png
32,2027-04-17 14:00:00+00:00,Manchester City FC,Crystal Palace FC,0.11382043924105524,0.12225260529504978,0.763926955463895,https://crests.football-data.org/65.png,https://crests.football-data.org/354.png
32,2027-04-17 14:00:00+00:00,Arsenal FC,Aston Villa FC,0.13316819056345464,0.18237606749182875,0.6844557419447167,https://crests.football-data.org/57.png,https://crests.football-data.org/58.png
32,2027-04-17 14:00:00+00:00,Brighton & Hove Albion FC,Chelsea FC,0.11554231145755249,0.11777030700242462,0.7666873815400229,https://crests.football-data.org/397.png,https://crests.football-data.org/61.png
32,2027-04-17 14:00:00+00:00,Nottingham Forest FC,Liverpool FC,0.396569412485968,0.31666727840594344,0.2867633091080886,https://crests.football-data.org/351.png,https://crests.football-data.org/64.png
32,2027-04-17 14:00:00+00:00,Brentford FC,Leeds United FC,0.28110713492177913,0.3030568633954546,0.41583600168276635,https://crests.football-data.org/402.png,https://crests.football-data.org/341.png
32,2027-04-17 14:00:00+00:00,Fulham FC,Sunderland AFC,0.30318724590603197,0.24608305152603255,0.4507297025679355,https://crests.football-data.org/63.png,https://crests.football-data.org/71.png
32,2027-04-17 14:00:00+00:00,Hull City AFC,Coventry City FC,0.12932141269975964,0.2022132085767163,0.6684653787235241,https://crests.football-data.org/322.png,https://crests.football-data.org/1076.png
33,2027-04-24 14:00:00+00:00,Leeds United FC,Liverpool FC,0.2449360229415068,0.32131169821471767,0.43375227884377554,https://crests.football-data.org/341.png,https://crests.football-data.org/64.png
33,2027-04-24 14:00:00+00:00,Brentford FC,Fulham FC,0.13547554008525242,0.17355529011181958,0.6909691698029281,https://crests.football-data.org/402.png,https://crests.football-data.org/63.png
33,2027-04-24 14:00:00+00:00,Aston Villa FC,Coventry City FC,0.2243024144117153,0.27598899489792994,0.4997085906903548,https://crests.football-data.org/58.png,https://crests.football-data.org/1076.png
33,2027-04-24 14:00:00+00:00,Newcastle United FC,Ipswich Town FC,0.21840735112919923,0.18959247733904747,0.5920001715317533,https://crests.football-data.org/67.png,https://crests.football-data.org/349.png
33,2027-04-24 14:00:00+00:00,Nottingham Forest FC,Sunderland AFC,0.2541367135508223,0.2737021403023822,0.4721611461467955,https://crests.football-data.org/351.png,https://crests.football-data.org/71.png
33,2027-04-24 14:00:00+00:00,Manchester United FC,Crystal Palace FC,0.1978718043206683,0.19232541435601008,0.6098027813233217,https://crests.football-data.org/66.png,https://crests.football-data.org/354.png
33,2027-04-24 14:00:00+00:00,Tottenham Hotspur FC,Hull City AFC,0.5051979484832867,0.27051996428385156,0.22428208723286175,https://crests.football-data.org/73.png,https://crests.football-data.org/322.png
33,2027-04-24 14:00:00+00:00,AFC Bournemouth,Arsenal FC,0.4982469209614937,0.23648648325808733,0.265266595780419,https://crests.football-data.org/bournemouth.png,https://crests.football-data.org/57.png
33,2027-04-24 14:00:00+00:00,Chelsea FC,Manchester City FC,0.6238172481538959,0.15493894618028908,0.22124380566581503,https://crests.football-data.org/61.png,https://crests.football-data.org/65.png
33,2027-04-24 14:00:00+00:00,Everton FC,Brighton & Hove Albion FC,0.39208164142541785,0.26825437838914606,0.3396639801854362,https://crests.football-data.org/62.png,https://crests.football-data.org/397.png
34,2027-05-01 14:00:00+00:00,Liverpool FC,Chelsea FC,0.18236110483261445,0.1911774590778884,0.6264614360894971,https://crests.football-data.org/64.png,https://crests.football-data.org/61.png
34,2027-05-01 14:00:00+00:00,Ipswich Town FC,Leeds United FC,0.5625884947457948,0.2076618312183996,0.22974967403580562,https://crests.football-data.org/349.png,https://crests.football-data.org/341.png
34,2027-05-01 14:00:00+00:00,Crystal Palace FC,Aston Villa FC,0.2715045736206777,0.24130165651764068,0.4871937698616817,https://crests.football-data.org/354.png,https://crests.football-data.org/58.png
34,2027-05-01 14:00:00+00:00,Arsenal FC,Tottenham Hotspur FC,0.1259790937132332,0.19157843655705517,0.6824424697297117,https://crests.football-data.org/57.png,https://crests.football-data.org/73.png
34,2027-05-01 14:00:00+00:00,Fulham FC,Everton FC,0.4779553644314255,0.2725217875351456,0.24952284803342895,https://crests.football-data.org/63.png,https://crests.football-data.org/62.png
34,2027-05-01 14:00:00+00:00,Coventry City FC,Manchester United FC,0.5691330661937006,0.20301585232344083,0.22785108148285854,https://crests.football-data.org/1076.png,https://crests.football-data.org/66.png
34,2027-05-01 14:00:00+00:00,Hull City AFC,AFC Bournemouth,0.20077629605931507,0.2520657659630605,0.5471579379776245,https://crests.football-data.org/322.png,https://crests.football-data.org/bournemouth.png
34,2027-05-01 14:00:00+00:00,Manchester City FC,Brentford FC,0.30437294237904616,0.24257878774926497,0.45304826987168895,https://crests.football-data.org/65.png,https://crests.football-data.org/402.png
34,2027-05-01 14:00:00+00:00,Brighton & Hove Albion FC,Nottingham Forest FC,0.13547554008525242,0.17355529011181958,0.6909691698029281,https://crests.football-data.org/397.png,https://crests.football-data.org/351.png
34,2027-05-01 14:00:00+00:00,Sunderland AFC,Newcastle United FC,0.4513811098097229,0.21268335965599192,0.33593553053428526,https://crests.football-data.org/71.png,https://crests.football-data.org/67.png
35,2027-05-08 14:00:00+00:00,AFC Bournemouth,Manchester United FC,0.3799243172799077,0.23682034022952198,0.38325534249057036,https://crests.football-data.org/bournemouth.png,https://crests.football-data.org/66.png
35,2027-05-08 14:00:00+00:00,Everton FC,Hull City AFC,0.238899521043258,0.34492105350452956,0.4161794254522125,https://crests.football-data.org/62.png,https://crests.football-data.org/322.png
35,2027-05-08 14:00:00+00:00,Tottenham Hotspur FC,Chelsea FC,0.5150030508467186,0.21468571606593337,0.2703112330873481,https://crests.football-data.org/73.png,https://crests.football-data.org/61.png
35,2027-05-08 14:00:00+00:00,Brighton & Hove Albion FC,Sunderland AFC,0.10931098749388045,0.11442792908322322,0.7762610834228963,https://crests.football-data.org/397.png,https://crests.football-data.org/71.png
35,2027-05-08 14:00:00+00:00,Newcastle United FC,Coventry City FC,0.13566044858137674,0.16399808121799592,0.7003414702006273,https://crests.football-data.org/67.png,https://crests.football-data.org/1076.png
35,2027-05-08 14:00:00+00:00,Brentford FC,Aston Villa FC,0.11991711151478396,0.15173739916267429,0.7283454893225417,https://crests.football-data.org/402.png,https://crests.football-data.org/58.png
35,2027-05-08 14:00:00+00:00,Nottingham Forest FC,Crystal Palace FC,0.2407238526196595,0.26350929916627835,0.49576684821406214,https://crests.football-data.org/351.png,https://crests.football-data.org/354.png
35,2027-05-08 14:00:00+00:00,Fulham FC,Ipswich Town FC,0.3183940969467232,0.23659856833178894,0.44500733472148785,https://crests.football-data.org/63.png,https://crests.football-data.org/349.png
35,2027-05-08 14:00:00+00:00,Leeds United FC,Arsenal FC,0.26438518869408895,0.31612751790768406,0.419487293398227,https://crests.football-data.org/341.png,https://crests.football-data.org/57.png
35,2027-05-08 14:00:00+00:00,Manchester City FC,Liverpool FC,0.23896138534670655,0.24506575995565152,0.515972854697642,https://crests.football-data.org/65.png,https://crests.football-data.org/64.png
36,2027-05-15 14:00:00+00:00,Ipswich Town FC,Manchester City FC,0.6509519839361123,0.1475957406675173,0.20145227539637048,https://crests.football-data.org/349.png,https://crests.football-data.org/65.png
36,2027-05-15 14:00:00+00:00,Arsenal FC,Nottingham Forest FC,0.18051088654514338,0.2762013328893194,0.5432877805655373,https://crests.football-data.org/57.png,https://crests.football-data.org/351.png
36,2027-05-15 14:00:00+00:00,Sunderland AFC,AFC Bournemouth,0.3632216725045117,0.24025663130072267,0.3965216961947657,https://crests.football-data.org/71.png,https://crests.football-data.org/bournemouth.png
36,2027-05-15 14:00:00+00:00,Coventry City FC,Tottenham Hotspur FC,0.31261216459650193,0.3303726668622614,0.35701516854123666,https://crests.football-data.org/1076.png,https://crests.football-data.org/73.png
36,2027-05-15 14:00:00+00:00,Liverpool FC,Brentford FC,0.3600735950183514,0.2855937341245564,0.35433267085709214,https://crests.football-data.org/64.png,https://crests.football-data.org/402.png
36,2027-05-15 14:00:00+00:00,Aston Villa FC,Newcastle United FC,0.5010721370145587,0.2157975064728584,0.283130356512583,https://crests.football-data.org/58.png,https://crests.football-data.org/67.png
36,2027-05-15 14:00:00+00:00,Crystal Palace FC,Brighton & Hove Albion FC,0.6979947140002819,0.12282902756413122,0.179176258435587,https://crests.football-data.org/354.png,https://crests.football-data.org/397.png
36,2027-05-15 14:00:00+00:00,Manchester United FC,Leeds United FC,0.46332604986071646,0.2535584667299119,0.2831154834093717,https://crests.football-data.org/66.png,https://crests.football-data.org/341.png
36,2027-05-15 14:00:00+00:00,Hull City AFC,Fulham FC,0.18256522843185732,0.2499516031539803,0.5674831684141625,https://crests.football-data.org/322.png,https://crests.football-data.org/63.png
36,2027-05-15 14:00:00+00:00,Chelsea FC,Everton FC,0.49797530701123843,0.22566448646346543,0.27636020652529614,https://crests.football-data.org/61.png,https://crests.football-data.org/62.png
37,2027-05-23 14:00:00+00:00,Manchester City FC,Aston Villa FC,0.11306980641201636,0.12884780706165544,0.7580823865263282,https://crests.football-data.org/65.png,https://crests.football-data.org/58.png
37,2027-05-23 14:00:00+00:00,Everton FC,Arsenal FC,0.28104268889902234,0.33038791341115487,0.3885693976898229,https://crests.football-data.org/62.png,https://crests.football-data.org/57.png
37,2027-05-23 14:00:00+00:00,AFC Bournemouth,Chelsea FC,0.3470586712523775,0.21522232771440813,0.4377190010332144,https://crests.football-data.org/bournemouth.png,https://crests.football-data.org/61.png
37,2027-05-23 14:00:00+00:00,Nottingham Forest FC,Ipswich Town FC,0.2651619419623484,0.2620036999706508,0.47283435806700086,https://crests.football-data.org/351.png,https://crests.football-data.org/349.png
37,2027-05-23 14:00:00+00:00,Fulham FC,Coventry City FC,0.18534842593300813,0.24496808304269124,0.5696834910243006,https://crests.football-data.org/63.png,https://crests.football-data.org/1076.png
37,2027-05-23 14:00:00+00:00,Leeds United FC,Sunderland AFC,0.1406008601249415,0.18976760402963455,0.669631535845424,https://crests.football-data.org/341.png,https://crests.football-data.org/71.png
37,2027-05-23 14:00:00+00:00,Tottenham Hotspur FC,Manchester United FC,0.5116265492398264,0.2346420017772205,0.2537314489829532,https://crests.football-data.org/73.png,https://crests.football-data.org/66.png
37,2027-05-23 14:00:00+00:00,Newcastle United FC,Crystal Palace FC,0.1941566841035229,0.18354113839793168,0.6223021774985454,https://crests.football-data.org/67.png,https://crests.football-data.org/354.png
37,2027-05-23 14:00:00+00:00,Brentford FC,Hull City AFC,0.2227231229801107,0.2760654260124594,0.5012114510074298,https://crests.football-data.org/402.png,https://crests.football-data.org/322.png
37,2027-05-23 14:00:00+00:00,Brighton & Hove Albion FC,Liverpool FC,0.20685425960810636,0.2209175370008168,0.5722282033910769,https://crests.football-data.org/397.png,https://crests.football-data.org/64.png
38,2027-05-30 15:00:00+00:00,Chelsea FC,Brentford FC,0.5927926244716761,0.1732721240220645,0.23393525150625938,https://crests.football-data.org/61.png,https://crests.football-data.org/402.png
38,2027-05-30 15:00:00+00:00,Ipswich Town FC,Everton FC,0.5229940508290424,0.22976047634620958,0.24724547282474796,https://crests.football-data.org/349.png,https://crests.football-data.org/62.png
38,2027-05-30 15:00:00+00:00,Arsenal FC,Brighton & Hove Albion FC,0.416135854399912,0.23975032889925116,0.3441138167008369,https://crests.football-data.org/57.png,https://crests.football-data.org/397.png
38,2027-05-30 15:00:00+00:00,Liverpool FC,AFC Bournemouth,0.18262107346776174,0.23042275493089803,0.5869561716013403,https://crests.football-data.org/64.png,https://crests.football-data.org/bournemouth.png
38,2027-05-30 15:00:00+00:00,Coventry City FC,Nottingham Forest FC,0.4431611361180718,0.3004873102315227,0.2563515536504056,https://crests.football-data.org/1076.png,https://crests.football-data.org/351.png
38,2027-05-30 15:00:00+00:00,Aston Villa FC,Tottenham Hotspur FC,0.2509943876868158,0.30192578333852604,0.44707982897465814,https://crests.football-data.org/58.png,https://crests.football-data.org/73.png
38,2027-05-30 15:00:00+00:00,Hull City AFC,Newcastle United FC,0.2373097404576681,0.24111290081343817,0.5215773587288938,https://crests.football-data.org/322.png,https://crests.football-data.org/67.png
38,2027-05-30 15:00:00+00:00,Manchester United FC,Fulham FC,0.22551314960355734,0.2236601422579042,0.5508267081385384,https://crests.football-data.org/66.png,https://crests.football-data.org/63.png
38,2027-05-30 15:00:00+00:00,Sunderland AFC,Manchester City FC,0.647404753483636,0.15180263486945336,0.20079261164691065,https://crests.football-data.org/71.png,https://crests.football-data.org/65.png
38,2027-05-30 15:00:00+00:00,Crystal Palace FC,Leeds United FC,0.5783707685607524,0.20328907809810495,0.21834015334114268,https://crests.football-data.org/354.png,https://crests.football-data.org/341.png
